UID,用户名（共有309位）,关注日期,签名
181191,南瓜的杂谈工坊,2023-08-19 14:33:35,玉藻十字&小栗帽cp头子，神山识重度厨力，ina/gigi/zeta猫猫保护协会会长，绿色脊椎小猫溺爱中，重度社畜，月均加班170h
328597,澄田花苗,2022-08-26 20:45:43,宇宙里有什么不是暂时？
567574,kuonxv,2025-06-05 17:01:32,自学画画人
602229,卷内奈奈子,2025-07-22 13:05:50,给社会添乱！
1324498,灰桜ざくら,2023-10-08 23:08:30,".
 "
1471700,終魇,2025-06-21 02:15:56,是恶魔猫猫哦！私皮绘制中～粉丝群：122590346～ pid 5322628～努力画画❤️约稿请走工坊/私信
1760809,无敌雷阵雨,2024-10-02 19:25:31,
2154726,DOVVC,2024-05-02 10:30:35,一天掉两段 最速俯冲传说
2303650,TKK姐贵,2023-07-18 20:15:12,
2752179,roger3679,2025-03-29 17:16:26,迎接2026~
3110255,Mirror_7th,2025-09-11 16:20:00,想画一辈子纸片人  （有兴趣约稿可私信or加qq3359332989）
3452358,南部Gin,2025-10-22 00:38:35,画师一枚 约稿请私信 一般走工坊 接live2d 插画 周边图等等 p站id：17091257 微博：NanbuGin
3470244,白叶茶SAMA,2025-08-30 19:11:51,PID:15064153
3962158,长期素食明子酱,2025-07-16 08:17:41,努力成为摸鱼高手～米画师和工房同id 约稿可以私信俺谢谢~
4047993,雾雨枫糖,2025-01-06 19:26:34,春を待つ胸が苦しいのだ  開けた目に花は時雨
5097129,T-4eVR,2025-07-01 23:43:47,
5518815,riago丶,2025-10-27 00:17:45,
6306233,月许,2023-08-06 19:23:54,白嫖到6级
6537000,FT果茶,2025-06-26 01:06:32,玄不救非 氪不改命
6747035,春茶团成团,2020-05-12 01:07:48,入一世适一世安一世
6921438,MejiroPoi,2024-12-30 14:11:56,24岁，是学生，某三本技术院校毕业。画师厨（主要厨狗姐、rurudo等）。学马士、ba日服、国际服双服玩家。
7028331,Hyiii----,2025-10-26 17:38:57,
7199083,商之薇蓝,2025-04-14 18:52:45,舰R MOC化工程绝赞进行中
7751413,utopique空想,2021-08-04 13:12:50,#Teio nEver dIe/@蜂蜜~蜂蜜~蜂↓↑蜜↓
7987476,硫酸钡式量233,2024-12-30 14:17:40,干啥啥不行，废物第一名，快取关
8184057,-LaNoyee-,2025-06-12 19:36:14,p站id: LaNoyee  X@LaNoyee  约稿请走mhs or 花甲  |  愿你的前路是温暖的沙地。
8648597,youya_yoo,2025-09-09 22:16:06,偶尔为自己喜欢的东西做做低创～
9015318,kiraquin,2025-05-21 08:37:38,@ヒヒイロカネ
9571251,周周兔先生,2025-08-10 13:06:20,随缘更新，我爱你们（づ￣3￣）づ╭❤～
10258955,猫饭neww,2025-08-12 00:51:29,困难社交=3=...扩列请一定要备注！！
10292328,佛系画手奈吖吖,2025-04-12 21:38:56,极度社恐型全职画手一只，百日绘画挑战中！约稿私信或+V：Nyarnya～ 平台账号X：@nyarnya030，P：@Nyarnya
11184845,排骨包纸,2025-10-15 11:21:03,p站id是DUNYUE
11359559,钱塘江上潮信起,2023-03-12 00:22:32,
11943438,想你的卖卖,2020-02-27 15:08:31,啧
13124710,你滴fufu,2025-06-19 23:01:48,可爱fu
13367625,两千个纸船,2025-10-03 23:39:15,全自动呜呜bot
13387859,外月迷存,2025-04-03 00:49:12,世界之外仍在世界之内
13436265,刚路过Nullink,2025-01-08 20:19:42,ワクワクもんだ！
13674131,Folamb愚羊节,2025-10-04 11:03:10,去伪存真
13904410,ti479,2025-10-08 08:30:31,蓝p同名，修炼中，暂时不接稿对不起啦
14063365,SpencerL02,2023-09-16 16:24:47,人生中大的不会来，更不可能爆，但永远可以启动。henshin！
14481266,行mia,2025-08-31 15:08:16,每晚不出意外9点播p站46655962
14627659,死宅咸鱼三,2022-11-19 02:19:03,
14706591,水果柿子skdns,2025-04-10 09:24:01,画画！
14826123,白露级四番舰夕立改二,2023-02-10 06:41:40,不听话就把你mikumikumi掉哦(⊙o⊙)哦～
15354284,青山十里远x,2019-04-06 15:04:47,从心.
16663527,江枫fams,2025-10-26 17:40:42,自闭人
16719735,-白夜黑伞-,2025-08-23 20:08:40,一个喜欢画画的普通人，感谢大家厚爱
16746700,广龙秀杉,2025-06-29 11:27:56,业余小画家没报过班  不更新就是在画稿（约稿请看工坊/米画师）
16948222,壱岐日和,2022-10-29 11:58:24,趁她还在的时候赶紧推吧！
17759931,Arus阿鲁斯,2025-09-21 00:56:02,绘画爱好者，画画菜又慢。Pixiv：20552885。X：@Arus_27。主业不是画画。
19267775,Quiet夏,2025-10-04 20:50:52,头像是画师：PUPUKI_    绘制的
20813078,这是一只沙漏,2025-09-23 18:42:29,是个无趣之人，很高兴认识你！！！
21758690,于博_YUBO,2025-05-26 19:02:20,全平台同名，喜欢的话点个关注吧~
21933566,掘地武式,2025-05-20 11:03:03,跳出了这个世界
22243247,纸鱼今天也在画画,2025-09-01 02:04:46,这条鱼很有爱，喜欢画可爱的东西，还喜欢小动物和玩具，所以哪里有可爱的东西哪里有就他的存在，如果需要约稿请私信，pid：纸片鲨鱼君
23135278,熊大洋脆芋,2023-02-07 21:50:39,
23209447,-城户总司-,2025-08-31 15:23:34,敏感易怒玻璃心
24231741,水雨栗,2022-12-29 23:18:45,
25357625,连接栗子球,2025-08-04 22:15:28,堵上灵魂的决斗！
25743394,雲谷来良,2025-04-08 13:09:00,破画画的 私人问题不会回答
28279404,天才少女不是落尘,2024-10-02 19:14:30,吹けば青嵐_
28437867,QiluoStar,2025-11-03 21:32:06,这个天才什么都没有写，懒死了
28883469,千叶星之碎片,2023-08-29 19:45:16,
29453371,゛白苏,2023-08-02 16:21:41,
29475317,明如星光,2024-12-17 22:35:08,修卡荣光闪耀！
30333885,LO安妮斯朵拉VE,2022-10-13 08:52:39,
30393250,Akari酱_,2023-02-11 02:13:22,DD
30765003,XP很怪的zr,2025-09-16 19:27:44,绘画学习中，喜欢可以关注https://www.pixiv.net/users/46021141
32220752,话梅小癔,2025-04-08 17:46:21,群号338249934欢迎来闲聊
32541191,如梦初醒--,2023-02-19 15:54:37,
32972443,纯良游戏人,2025-01-26 12:12:51,什么都不是
32980229,frost_bell,2025-04-21 14:14:31,
34025024,西木野亘硫,2024-10-02 19:04:17,我们在整体中，但是它也整个儿在我们之中。
34805531,Sukonbuki,2022-11-14 11:47:08,快乐的生活就足够了吧/水木Mizuki/司空部/山田/ヲタ芸/历一年
35103683,米勒尼亚,2020-02-27 10:20:27,
36936914,夏缀,2025-10-24 20:34:54,喜欢写点东西的新人写手，学园偶像大师真好玩，学马仕coc跑团系列锐意制作中。
37692962,Tobias-托比亚斯,2022-12-22 01:13:48,这是个啥
37850326,菜市场的摆烂猫,2025-08-04 21:35:42,沙雕雕(๑❛ᴗ❛๑)
38132642,四月好景,2024-12-25 12:25:58,
38344395,JKWちゃん,2024-07-08 22:05:09,杂食区≥﹏≤
38502560,美味多汁小凉茶,2025-10-09 08:48:42,因为太社恐太孤独，所以想鼓起勇气随缘发些自己画的小东西（上班和身体不好、画得慢、基础差等原因）更新巨慢，谨慎关注
38736578,Tcarbon碳,2025-10-10 12:21:48,
38788862,仔仔恰柠檬,2025-11-03 17:02:53,嘻嘻，我要画下去 Twitter：@Zaizai1936 微博：ZZzai仔仔 p站：Zzzai
39462932,总之不可能是甜堡,2024-12-25 12:16:59,甜堡能吃？
40074658,铁男同,2025-02-26 13:43:10,为不做男同而努力
40740414,可引用纯净水,2025-09-02 11:30:36,梦想成为绘画大师
45575496,混沌想吃馄饨,2025-10-26 16:08:36,何以解忧
46807852,最弱哥布林,2025-04-12 21:40:04,
47219347,秋葉夕方,2022-10-30 22:45:17,我是Bijou单推人关注我谢谢喵    纯良杏仁，非常菜的新手画师，经常会发画和游戏，偶尔烤点英语熟肉
51271783,mumbleKiss,2022-09-21 22:39:02,媽媽粉
57565616,Arkengel,2025-10-08 19:21:05,闲的时候会画点画 平时喜欢听R&B/电子/金属核 高楼迷 P站：ARKENGEL 原ID：Chemikou
57587559,momo不会画,2025-09-11 19:39:17,同人图默认授权转发，约稿，合作，售后请私信或者工坊联系。
62201441,若禾雨,2025-09-28 21:21:58,今天是几月几号？
67901662,白痴厄运漩涡,2025-05-17 21:16:02,un jour je serai de retour pres de toi
67922868,Romeooo_,2025-06-08 18:01:11,额(⊙o⊙)&hellip;
69097892,小狐狸浩浩的小狐狸,2023-02-08 06:42:26,
74339850,kEvanescence,2025-04-05 20:33:46,
77033249,闪光洛琪希,2024-11-18 19:55:33,鸢泽美咲最强
81248949,西索的狗,2025-07-23 23:18:33,
82127155,氷芽川左哲,2025-04-20 23:29:33,以我之名，战我之血，修我之剑，杀上青天！我是永恒的寂灭，我是，杀戮的王爵
82349328,香蕉鱼eee,2025-10-09 23:18:49,
82686767,PyOwen,2023-02-09 01:15:22,
83555124,IunderI铁幕de冯-希德,2025-03-29 18:51:55,铁幕下的冯-希德/永远的上校 Von Sid Under The Iron Curtain 
88286308,大怪兽哥莫拉,2025-08-31 15:02:11,我常常会因为自己画的不够涩而苦恼。p站同名 id=21136671
89519846,希托莉丝之虫惑魔,2020-01-28 16:30:00,只想做一些自己喜欢的东西的可怜兮兮的up主
89870171,浅浅云迹,2025-05-21 20:42:36,或许我即是不善的人物。
90348031,间衣天险,2025-06-17 16:50:44,超喜欢画画，画画真的能让心情变好
95568107,黑米米米子,2019-03-17 21:47:48,学生狗一只，在等暑假
99215395,到处乱飞ssX,2023-03-23 02:46:13,
102502229,arctanln2,2025-10-14 00:12:46,
106370194,修萝妮卡,2025-07-13 16:47:05,P站同名喵
107934896,琦樂_,2025-05-13 19:37:23,嘻嘻，我要活下去
136916678,浪花春雪,2025-10-22 19:09:14,我喜欢你
142361721,超级zhuzhu侠,2023-11-03 11:41:07,春风得意马蹄疾，一日看尽长安花。
154276469,JasonSilence,2025-04-08 18:55:04,
156347015,红兔子黄兔子蓝兔子,2025-07-05 02:33:19,这个人好懒，你来替我写点吧。
159576115,o松坂砂糖o,2025-07-20 11:28:15,
161167780,秋分ame,2025-10-17 15:59:01,>:-<>:-<
176016041,108_TowaNene,2024-02-28 11:26:19,Talk Artist
178129862,NiFenG丶,2025-06-16 16:14:44,
178488979,蜜瓜菇哩哇擦人,2025-08-23 15:36:21,=蜜瓜人；24岁离异娃妈再就业，虽然不是画得最好的人，但是是会画画的人中最会唱哈基米音乐的人；b站只发成图
179265145,nerei,2025-06-05 12:09:45,为什么要订阅我
179352082,Solamiii,2025-10-21 00:56:46,画画苦手，2025西安ocg巡回赛16强
183729538,析烛,2025-11-03 21:31:08,被短发白毛克制了
186745538,此心-沐流年,2020-03-13 21:32:28,
193756286,八秒刀客塔,2025-09-29 11:29:22,学画画真是苦痛的快乐，让我生命值-15%，移动速度-15%。
194314225,默丶无念,2025-04-01 11:23:57,__，________？
209576529,Non-Dalao,2025-01-23 16:42:29,
214434516,西巴siki,2025-07-02 19:49:05,我知道我很菜
215105577,成球的金上又成环,2025-05-14 19:36:49,Au₁₃P₁₀C₈₀H₈₈Cl₂
219595583,-ZHUTI-,2025-09-27 12:30:52,全平台同名pixiv，x，mhs：ZHUTI，一般小杯抽象画画人，努力自学板绘中
221125038,湊さくな_offical,2024-06-05 12:46:56,路过的洋葱单推人，时不时来亲她一口
237598257,Jcsm-栓木,2025-09-14 20:10:49,传统古法手绘CG非遗传承人，米画师ID：栓木。激情工作中（随缘更新
243562162,日杰克,2019-07-23 13:51:38,Emm，我真菜O_o
250634253,太稽拳带师,2025-09-29 22:16:04,据说菜鸡画满1000个小时就能成为大佬
253518627,qaeaqaa,2025-04-14 17:12:46,双煎滑蛋！
259144378,吃瓜群众15588,2023-08-06 21:53:37,要多看，要多想。
259248058,叫我徐哈哈,2023-04-09 18:04:31,
281623958,-不眠猫-,2025-07-09 02:24:33,笔名:SEVEN8 蓝P:不眠猫
282932535,姜晚云,2025-04-23 08:25:28,...
286270610,xamhandsome,2025-10-16 23:51:40,大便批量生产车间欢迎您_(:з」∠)_ pid:45291573 欢迎约稿喂饭扩列(幻想) 私信或+q:2450377117
288318000,xxxietom,2025-10-08 13:08:36,26届无业游民臭大学生， 工作计划请务必私信谢谢喵，super黑奴任人使用喵 mhs：屑tom 呜呜呜别骂我，我造型不好
289109852,执灯不语,2023-10-01 14:56:19,因为遇到了温柔的人，所以想温柔待人  愿你被世界温柔以待
290795066,344ertd2,2025-04-21 18:50:45,
293013237,所以星光不再,2022-10-31 16:04:35,Pain Tako
295985937,嘤嘤布偶,2025-04-08 18:43:59,犯其至难而图其至远
297626199,想买个扫地机器人,2020-02-26 12:31:52,一个不论做什么事都显得不正经的人                         （懒癌患者，更新随缘）
299605028,赤阳焱,2019-07-04 12:51:54,
299696651,RemainAtto,2025-08-12 15:15:36,疑似画画界的泥石流 || Let's exchange the experience.
305326129,西咯SHIROU,2025-03-26 19:42:59,喜欢画画的新人up一枚鸭，求三连 mhs：西咯SHIROU 会经常分享绘画过程 全平台同名 私信评论会回 
306792899,-GN推土机-,2025-08-31 15:24:28,P/MHS:GN推土机 图在动态或群文件
312764926,beylh,2020-01-12 00:45:06,
313530901,ATO2K,2025-10-01 22:15:54,“May you  the beauty of this world  always shine.”
314063892,千和TYOHOU,2025-05-25 19:00:48,谢谢
315608272,MyDayaa,2022-12-02 11:36:58,みみみみみ
316628720,魔法少女小螈,2022-07-31 11:42:34,三(º—º )三​我是螈
317130001,NikiNeko茶米,2025-04-08 11:56:26,一个励志要成为mc实况主的人(*｀▽´*)
319100871,煜夜何希,2023-06-02 17:59:19,喜欢瞎画∠( ᐛ 」∠)＿ p站id32183783
321171375,mdjxjs,2025-06-14 20:34:35,原生二刺螈 p站：mdjxjs
322676731,Bertusse,2023-08-06 20:18:59,星期八
335912432,2OOOVV,2023-04-22 00:22:54,
336685964,鹅鹅鹅鹅鵝,2025-06-04 11:20:24,07菜狗修行中  
341875104,BingQLo,2025-09-23 15:20:11,
341885930,怀子明茗,2024-12-30 14:17:34,欢迎点进来听歌。丨く  ï  ∧∧  Ī保重身体
343403672,Mr_Tickle,2025-05-20 08:54:55,
345837375,voseid,2025-05-21 15:57:51,哦哦哈哈  
346666970,上帝的法杖,2025-04-30 20:07:35,一只狗蛋  但是想成为画画大佬
349110125,花生油P,2022-12-24 16:56:42,睡了
350347169,人朔雪,2023-01-10 19:52:13,
351586917,逸年爱吃大馍馍,2025-04-29 00:38:02,正在成长的新人画师~粉丝交流群981205876
351590058,阿怜Aster,2020-03-11 10:23:55,And can I make you start to smile?
352204522,真里希,2022-05-19 14:57:22,Per aspera ad adstra.
353192070,柏枝啊啊啊,2025-07-18 20:54:32,今天画什么呢///
354296933,七天绯奈-五河琴里,2022-12-24 21:00:48,予期だく躍わぃ化でいい子のだ行だよかだこいをの会度わ
355039033,永远长不大的沐,2025-06-12 20:02:24,没有不可治愈的伤痛，没有不可结束的沉沦。所有失去的，会以另一种方式归来。
357488679,盐水贴贴,2022-11-06 23:03:05,
361379686,Issac0205,2018-12-02 11:16:22,
362747595,FKUNVIDIA,2022-12-03 09:11:05,简单爱你心所爱，世界也变的大了起来。
362768177,Joe_FPV,2023-01-30 23:16:03,A
363375309,花园电波兔,2025-10-11 20:08:50,小哥小哥我喜欢你的二创喵 我是烤批变异成邦批的五字神人 还有哇我的MMD视频一般只发布在bilibili上面 希望小哥能不要搬运在其他平台上
367394426,和歌本羽夏,2022-11-27 15:48:04,おにごっこは一人じゃできないよ
383240936,雫臨,2025-07-24 10:17:43,不玩游戏了！！该画画了（）
383964573,シラスアズサ,2025-08-16 16:38:06,
384501458,GawrGura_AA,2022-08-13 01:40:13,
385191406,黑猫不想再画辣,2024-10-02 19:11:14,不能再碌碌无为了
390657739,神乐mea大财布,2022-10-27 02:17:55,阿宅是不会去世的，因为那样会错过未播的新番
394168164,xrxmx超级噶池,2023-02-06 22:49:30,蜜柑噶来喽???蜜柑噶来喽???蜜柑噶来喽???蜜柑噶来喽???蜜柑噶来喽???蜜柑噶来喽???蜜柑噶来
397702358,一口puff,2025-07-29 18:13:07,如果今天没人说喜欢你的话，那就我来说好啦。我喜欢你
398242044,柒一_71,2025-08-20 00:47:00,社畜摸鱼！要上班所以不接稿哦～
398619263,又屑又菜的子墨,2025-10-04 20:27:43,
398731186,无能_,2025-04-26 23:47:01,我永远喜欢西宫硝子！
398805014,永恒恒哟,2020-02-02 20:07:40,第五人格前国服手搓小丑，游戏名：w永恒w，皇室战争老玩家，不定期更新视频，希望大家能够开心ずつとずつと
399432412,一定来不咕咕咕,2025-04-08 18:56:36,
399456568,--白z白--,2025-10-10 09:50:58,我是好人
399606378,Skylineddy,2022-10-30 16:18:32,模拟赛车，配音，P主，what's next?
399616279,薄禾棉花糖,2023-07-28 14:36:34,
400411490,unknown_z,2025-04-08 18:44:54,从心所欲不逾矩
401441483,迷离Mli,2025-11-09 07:34:35,画画人，不定时直播，p站id91960070
402138865,Dcc好想拉大便,2025-06-06 10:21:09,19岁是变态｜咪咪咪咪 ｜叫我dcc就好｜娃娃bot｜T1（gumayusi Doran）｜showmaker
402650566,Chelonioidea,2022-06-27 06:23:21,
403349115,ccissleepy,2023-01-04 11:29:19,欢迎光临我的碎碎念～
405250879,doticworks,2020-04-17 09:15:46,
405351052,彗星终电,2023-05-14 16:08:39,一个仍满怀希望的臭DD
407405788,Sei_1,2022-11-15 23:24:52,
407846810,亚里沙Ar1sa,2025-03-25 01:02:25,杂食性二次元，啥成分都沾点 偶尔写点能发/不能发的同人文 东方/舰R/舰B/原/铁/鸣/BA/PCR/马娘等等（成分给你列出来了，别查了）
408595284,岚岚超棒的,2025-03-19 18:35:19,天天开心
409806577,amuro丶lu,2020-02-26 22:24:05,无
423829381,b带y土d,2023-02-10 19:32:28,
426000385,琼儿ばか,2025-06-11 18:52:14,
430036800,茜云XoX,2019-11-10 09:38:03,阿巴阿巴阿巴
432149981,阿库KAKA,2025-10-01 13:33:04,目标是：目标的目标：目标笔指画布
432227599,Yunichii,2025-08-31 00:54:07,我踏马莱纳！
432515160,花雫列車,2025-07-18 07:34:12,123
433829355,望安了,2025-09-28 13:16:49,
441355785,ヰ世界の七色詩,2023-08-13 19:37:29,推mumei
442690164,村阿加,2025-10-09 15:09:18,
443536685,新月zuki,2025-04-12 21:39:34,杀死世界的人，被世界相拥
443610690,代数鱼子式,2025-10-09 13:29:29,这个人没有填简介啊~~
443689739,_毘沙门天,2023-08-06 21:53:01,
447411498,异客cell攻略组,2024-11-29 12:08:09,菜就多练，输不起就别玩。
456130444,umi--_,2025-09-15 10:55:33,
470324721,幻念鬼蜮,2024-09-26 17:08:52,佛系画渣~不定时咕咕咕(〃'▽'〃)（聊天群：558317328，画画群：942164927需私信过审核）
471493291,苏糖喔,2019-11-02 17:54:19,老苏糖敲爱你，爱到想太阳你
471924985,亚修不爱吃南瓜,2019-11-02 18:08:47,佣吹
478802163,seele-milk,2025-10-21 19:51:12, 天道酬勤
480999045,猫听完丝了,2025-09-11 17:34:05,CN: lirn 超级杂食XD 喜欢画画和音乐
487283761,VLEU,2020-06-25 19:43:47,
498397390,天空之落,2025-04-05 14:22:10,
499171749,熵shang,2025-08-31 15:36:58,pid：68633300 x：@shang_0v0 mhs同名
499475750,源芳giao,2023-02-11 18:37:02,高三孽种，第一中学的（正数）前200，成分复杂，喜欢战双，励志成为（倒数）一线城市考上南大的小透明
499552670,猫的大理解,2025-10-30 18:14:58,哦耶，画画
502823289,alpharod,2023-04-05 16:41:00,Old Soldiers never die. They just fade out suddenly. 
504184023,雨墨忙啥呢,2025-10-10 03:31:08,这个人懒到只会画画 什么都没有写
504347662,bili_47356694343,2020-02-08 15:54:51,
504467682,-息息息息羽-,2025-10-30 00:54:35,这个人很神秘，它什么都写了
507543733,miya-love-nora,2025-10-09 14:16:12,什么时候才能买得起一枚乔治三世精制基尼呢
511074469,神奇分离,2025-04-08 13:51:01,
512312438,August_offcial,2025-04-08 18:59:13,
516019456,鱼头阿关,2025-10-16 23:06:22,又痴又愚，喜欢吃鱼
518926903,月亮泡进保温杯,2025-04-12 18:12:50,(^^
521640799,木羽Cnaf,2025-11-01 09:23:51,
522716565,炫星哲空-接边狱代肝,2023-02-06 07:12:16,你说的对，但是我是 各类单机线性游戏爱好者，主要喜欢的有、生化危机系列、废墟图书馆、古墓丽影、幽灵行者系列等等（ 视频随缘发（纯鸽子）
523465269,八重神子的狗2333,2023-08-06 19:28:24,
524635805,周齐偡,2023-02-06 22:11:00,
628798935,聖園彌香,2022-11-18 11:53:41,耳得之而为声，目遇之而成色
631428970,春蘭级宇宙巡洋舰,2025-10-29 19:44:19,呃啊呃啊诸行无常，呃啊呃啊S〇X的冲动，呃啊呃啊冷冻都市，呃啊呃啊猫咪街道
642674171,小天大居居,2025-08-31 15:23:33,
643185035,北方的预言家,2025-03-22 21:50:41,钟楼百科工作人员、上海说书人负责人、华东理工大学联络人 三国杀玩家里最会玩染的烟绯厨，不定期更新三国杀视频和染相关专栏
652587994,星喰紗月,2025-07-17 22:44:31,精通十以内加减法，幼儿园写字比赛冠军
678416642,KIMIR摸鱼版,2025-04-09 14:25:02,想画好画，有无偿可以滴滴，但是实力不是很行，只能尽力而为
687572934,一般路过小天使,2025-04-08 19:11:17,
693815867,Haise_TUT,2025-08-20 17:48:44,stay cool
696005248,OuOuGen,2025-08-04 21:34:26,欧根……喜欢!！！！  
1035911253,泿凌龙少,2022-09-22 03:24:00,有时我也不知道自己是单推人还是箱推人，亦或者只是个DD… 大概是个星姐单推人吧…也可能是EN箱推… （思考放弃ing
1076629947,デデ牛,2023-06-10 17:12:14,企鹅1832271255
1086344772,川流不息坤流不止,2025-08-17 00:00:16,我的长枪被大雨磨钝了，我的战马也生锈了，但我的冲锋是?ddk德式的冲锋！名为生活的大风车啊，我要向你大战三百回合，三百回合！
1105392186,月亮兔_,2023-08-03 13:55:27,我将玫瑰藏于身后，转身时没有玫瑰，也没有你
1115320480,Akiinozomi,2025-08-11 18:13:25,X&pixiv：@Akiinozomi 感谢支持
1150196628,白首不相离for,2023-11-22 11:54:53,最好的偷懒方式，就是一次做好
1215249587,_DDKing_,2025-01-23 21:17:39,與衆不同。
1238387278,美式加冰少糖,2025-01-06 10:46:39,
1248887117,洋葱ikl,2023-08-03 14:46:39,泪水过后的彩虹，显示出爱情的曲终此路不通。 
1298493798,凉木藤川,2025-05-26 11:51:42,点击输入文字
1309822796,想要的昵称全部都被占,2025-10-02 19:32:07,
1314530323,老街巷遇旧人,2023-11-22 11:20:46,此刻开始，我相信我一个人能够很好。
1347677937,起舞唔,2025-10-12 00:47:21,我一定要成为人类
1354615579,两盒软妹砸,2023-08-02 12:35:12,我喜欢雨。因为它带来天空的味道。
1364403463,都缘自有离恨阿,2023-11-22 13:55:49,荷花开后西湖好，载酒来时。
1392293620,bili_71825706350,2022-10-24 13:16:13,
1395812970,雒克丶不紧张,2022-09-24 20:07:18,
1410050829,栗栗子天使,2023-01-17 20:51:08,因为是用翻译机对话的日本人 如果有错误的翻译请指出 我不是日语词典 所以不要问我关于日语的问题
1453760822,Yaoxt_,2024-05-23 16:31:11,??
1464065505,账号已注错,2022-10-11 14:14:20,哈喽哈喽，我是shondo单推人，Q群766988735
1520038759,chairlitete,2023-03-04 12:06:14,
1525544338,宫盐TvT,2025-10-26 17:38:16,
1530980021,小Q不是DGX,2021-08-14 13:02:33,帮帮我吧 瞄准恶魔！
1582156431,落叶随风逝故人不复归,2025-10-15 20:46:05,这辈子好像很长，我穷极一生，也没能和你走到头。这辈子又好像很短，一直白了头，也只够我爱你一人
1585118447,筱Laslair,2022-10-23 18:38:03,
1658391916,卦者凌風,2023-02-06 10:04:21,
1755483867,其实九号会弹琴1307,2023-02-02 13:23:09,
1785633353,AgentL337,2024-02-05 23:59:43,Gachi? 啥也不会，纯笨B
1852219664,白毛教教主_,2025-07-27 23:48:19,
1901036037,鱼鱼与舟,2025-07-02 20:17:34,初学者 学习画画中 舟/ba等二游绘画 还会更新自设/乱七八糟视频 初心和最终目标是想画好画=)  加油！祝我们好在未来^*^
1909111424,StigXI,2024-12-30 14:17:41,Life is shit  but I'm loving it.
1962300988,我是莫生仁,2022-06-19 00:36:42,暂无
1987753613,耿耿星河13,2025-11-03 10:22:26,
2011998983,凛沐泽,2022-12-27 20:15:16,
2036643609,抽象_bot,2023-02-05 23:41:09,很抱歉打断你的浏览✋ 但是接下来的抽象视频真的很难蚌
2140894470,谷围m,2022-11-27 18:02:50,
3461562650069736,kikey樱,2025-10-21 08:20:54,喵喵喵喵猫猫
3493095096191005,KUR1kara,2023-03-03 08:37:07,salam kenal gw orang indo
3493130131212546,常暗箱推眷属,2023-02-12 02:01:49,骄傲的瑞瓦肖人
3493138815519189,xuvel墟白,2025-04-05 09:52:51,
3493260263688879,a哈-哈a,2023-04-18 22:58:44,
3493280901761885,Alienish_Channel,2024-12-29 16:23:59,
3494379322869977,新栗栗子天使,2023-07-15 21:31:47,之前的账号无法登录了，所以现在用新账号进行活动
3537112886413593,言许ouo,2025-04-08 10:54:41,啊哈
3546578899962546,Sakura_恋げつ,2025-08-23 00:30:51,p站，X同名 主画少女系，参杂少量御姐，隐藏系小正太？
3546630471027139,画画大师li,2025-03-12 09:04:36,?色彩世界，情感无限    ?每天都会不定期更新我的优秀作品 以及更新我的绘画过程!?
3546703837793067,不会银镜的甲酸根,2025-05-16 08:48:21,
3546711033121716,qztnjdy,2025-10-08 12:36:44,人形自走转发机器
3546711781804420,卿玖qjiu,2025-05-14 19:36:47,
3546746871352009,只是懒鱼,2025-04-29 22:04:05,愿你遍历山海，觉得人间值得
3546779599505543,Macha芭菲,2025-05-22 18:55:53,暂不接稿mhs同名，当头像壁纸随意，自印不可以，粉丝群762871833
3546792991918274,岳麓白,2025-10-10 12:29:49,
3546829773867844,深鳕yuki,2025-08-23 11:50:19,Illustrator，约稿可mhs&工坊，其他平台同名，无码的图有爱自取，但是请勿商用、二次制作。
3546898245879864,bili_91427715386,2025-05-13 17:12:01,
3546928428092157,bibi小狗留下眼泪,2025-10-15 16:18:32,
